"finessGeoDP","rs","lib_reg","statut","TOT","TOT_rev","PCT_rev"
"010780195","CLINIQUE CONVERT BOURG-EN-B.","AUVERGNE-RHÃ”NE-ALPES","private for profit",328,72,22
"010780203","HÃ”PITAL PRIVÃ‰ D'AMBERIEU","AUVERGNE-RHÃ”NE-ALPES","private for profit",445,119,26.7
"020000162","CH SAINT-QUENTIN","HAUTS-DE-FRANCE","public",290,25,8.6
"020000394","CH LAON","HAUTS-DE-FRANCE","public",198,44,22.2
"020000519","CH SOISSONS","HAUTS-DE-FRANCE","public",230,29,12.6
"020010047","HÃ”PITAL PRIVÃ‰ SAINT CLAUDE","HAUTS-DE-FRANCE","private for profit",330,33,10
"030781116","POLYCLINIQUE ST-FRANCOIS ST-ANTOINE","AUVERGNE-RHÃ”NE-ALPES","private for profit",253,20,7.9
"040000093","CHIC DE MANOSQUE LOUIS RAFFALLI","PROVENCE-ALPES-CÃ”TE D'AZUR","public",125,34,27.2
"050000348","CHIC DES ALPES DU SUD SITE DE GAP","PROVENCE-ALPES-CÃ”TE D'AZUR","public",201,22,10.9
"060000478","CH DE GRASSE","PROVENCE-ALPES-CÃ”TE D'AZUR","public",133,12,9
"060000510","CH D'ANTIBES JUAN LES PINS","PROVENCE-ALPES-CÃ”TE D'AZUR","public",428,29,6.8
"060021417","HÃ”PITAL PRIVÃ‰ CANNES OXFORD","PROVENCE-ALPES-CÃ”TE D'AZUR","private for profit",366,15,4.1
"060780491","INSTITUT ARNAULT TZANCK","PROVENCE-ALPES-CÃ”TE D'AZUR","private for profit",406,29,7.1
"060780590","CLINIQUE DU PALAIS","PROVENCE-ALPES-CÃ”TE D'AZUR","private for profit",236,22,9.3
"060780715","CLINIQUE SAINT GEORGE","PROVENCE-ALPES-CÃ”TE D'AZUR","private for profit",326,14,4.3
"060789195","CHU DE NICE HÃ”PITAL DE L'ARCHET","PROVENCE-ALPES-CÃ”TE D'AZUR","public academic",755,122,16.2
"060800166","HP A. TZANCK MOUGINS SOPHIA ANTIPOLIS","PROVENCE-ALPES-CÃ”TE D'AZUR","private for profit",114,3,2.6
"070780424","CLINIQUE PASTEUR","AUVERGNE-RHÃ”NE-ALPES","private for profit",466,78,16.7
"080010473","GCS TERRIT ARDEN NORD SITE CH CHARLEVI","GRAND EST","private not-for-profit",538,69,12.8
"100000082","CLINIQUE PAYS DE SEINE","GRAND EST","private for profit",153,20,13.1
"100000124","POLYCLINIQUE MONTIER LA CELLE","GRAND EST","private for profit",528,39,7.4
"100010818","GCS HÃ”PITAL PRIVÃ‰ DE L'AUBE SITE CLQ","GRAND EST","private not-for-profit",263,25,9.5
"110000023","CH CARCASSONNE","OCCITANIE","public",480,51,10.6
"110000056","CH NARBONNE","OCCITANIE","public",190,22,11.6
"130000409","CHIC SITE D'AIX EN PROVENCE","PROVENCE-ALPES-CÃ”TE D'AZUR","public",198,22,11.1
"130001225","HÃ”PITAL DU PAYS SALONAIS","PROVENCE-ALPES-CÃ”TE D'AZUR","public",265,49,18.5
"130043664","HÃ”PITAL EUROPEEN DESBIEF AMBROISE PARE","PROVENCE-ALPES-CÃ”TE D'AZUR","private not-for-profit",1055,150,14.2
"130780521","APHM HÃ”PITAL NORD","PROVENCE-ALPES-CÃ”TE D'AZUR","public academic",342,49,14.3
"130781479","CLINIQUE LA CASAMANCE","PROVENCE-ALPES-CÃ”TE D'AZUR","private for profit",649,110,16.9
"130782162","CLINIQUE DE MARTIGUES","PROVENCE-ALPES-CÃ”TE D'AZUR","private for profit",486,80,16.5
"130783236","APHM HÃ”PITAL LA CONCEPTION","PROVENCE-ALPES-CÃ”TE D'AZUR","public academic",434,49,11.3
"130783327","CLINIQUE BOUCHARD","PROVENCE-ALPES-CÃ”TE D'AZUR","private for profit",1014,112,11
"130784051","POLYCLINIQUE CLAIRVAL","PROVENCE-ALPES-CÃ”TE D'AZUR","private for profit",192,56,29.2
"130785652","HÃ”PITAL SAINT JOSEPH","PROVENCE-ALPES-CÃ”TE D'AZUR","private not-for-profit",447,77,17.2
"130786361","POLYCLINIQUE DU PARC RAMBOT","PROVENCE-ALPES-CÃ”TE D'AZUR","private for profit",1218,120,9.9
"130786742","HÃ”PITAL D'INSTRUCTION DES ARMÃ‰ES LAVERAN","PROVENCE-ALPES-CÃ”TE D'AZUR","public",186,34,18.3
"130810740","CLINIQUE AXIUM","PROVENCE-ALPES-CÃ”TE D'AZUR","private for profit",637,112,17.6
"140000209","CHU CAEN","NORMANDIE","public academic",710,96,13.5
"140000290","CLINIQUE NOTRE DAME","NORMANDIE","private for profit",101,10,9.9
"140016759","POLYCLINIQUE DU PARC","NORMANDIE","private for profit",539,56,10.4
"140017237","HÃ”PITAL PRIVÃ‰ ST MARTIN","NORMANDIE","private for profit",241,30,12.4
"140018730","HÃ”PITAL PRIVÃ‰ DU PAYS D'AUGE SITE DE LISIEUX","NORMANDIE","private for profit",119,19,16
"160000253","CH D'ANGOULEME","NOUVELLE-AQUITAINE","public",196,20,10.2
"160013207","CENTRE CLINICAL","NOUVELLE-AQUITAINE","private for profit",397,24,6
"170000095","CH ST JEAN D'ANGELY","NOUVELLE-AQUITAINE","public",211,43,20.4
"170000152","CH ROCHEFORT","NOUVELLE-AQUITAINE","public",540,78,14.4
"170780563","Ã‰TABLISSEMENT DE SOINS PASTEUR - ROYAN","NOUVELLE-AQUITAINE","private for profit",259,25,9.7
"170780662","CLINIQUE DE L'ATLANTIQUE","NOUVELLE-AQUITAINE","private for profit",187,22,11.8
"180004145","HÃ”PITAL PRIVÃ‰ GUILLAUME DE VARYE","CENTRE-VAL DE LOIRE","private for profit",291,37,12.7
"190013482","CH BRIVE - SAINT GERMAIN","NOUVELLE-AQUITAINE","public",170,12,7.1
"210012670","HÃ”PITAL PRIVÃ‰ DIJON BOURGOGNE","BOURGOGNE-FRANCHE-COMTÃ‰","private for profit",1038,192,18.5
"210780789","CLINIQUE MUTUALISTE BENIGNE JOLY","BOURGOGNE-FRANCHE-COMTÃ‰","private for profit",586,86,14.7
"210987558","HÃ”PITAL LE BOCAGE CHRU DIJON","BOURGOGNE-FRANCHE-COMTÃ‰","public academic",157,42,26.8
"220000012","CH YVES LE FOLL","BRETAGNE","public",141,19,13.5
"220005599","POLYCLINIQUE DU PAYS DE RANCE","BRETAGNE","private for profit",152,13,8.6
"220022800","HÃ”PITAL PRIVÃ‰ DES COTES D'ARMOR","BRETAGNE","private for profit",395,26,6.6
"250011848","POLYCLINIQUE DE FRANCHE COMTE","BOURGOGNE-FRANCHE-COMTÃ‰","private for profit",902,66,7.3
"260000260","CLINIQUE LA PARISIERE","AUVERGNE-RHÃ”NE-ALPES","private for profit",429,47,11
"260003017","SA CLINIQUE KENNEDY","AUVERGNE-RHÃ”NE-ALPES","private for profit",275,20,7.3
"280000084","CH DREUX","CENTRE-VAL DE LOIRE","public",138,7,5.1
"280504267","CH CHARTRES LOUIS PASTEUR-LE COUDRAY","CENTRE-VAL DE LOIRE","public",236,18,7.6
"280505777","HÃ”PITAL PRIVÃ‰ D'EURE ET LOIR","CENTRE-VAL DE LOIRE","private for profit",170,5,2.9
"290000025","CHIC QUIMPER","BRETAGNE","public",144,34,23.6
"290000215","POLYCLINIQUE QUIMPER SUD","BRETAGNE","private for profit",86,8,9.3
"290004324","CHRU BREST SITE HÃ”PITAL CAVALE BLANCHE","BRETAGNE","public academic",344,50,14.5
"290019777","POLYCLINIQUE DE KERAUDREN","BRETAGNE","private for profit",350,26,7.4
"290036540","CLINIQUE MUTUALISTE BRETAGNE OCCIDENTALE","BRETAGNE","private for profit",134,27,20.1
"2A0000139","HÃ”PITAL PRIVÃ‰ SUD CORSE","CORSE","private for profit",111,1,0.9
"2B0000145","POLYCLINIQUE LA RESIDENCE MAYMARD","CORSE","private for profit",351,64,18.2
"300000023","CH ALES CEVENNES","OCCITANIE","public",157,15,9.6
"300780137","NOUVELLE CLINIQUE BONNEFON","OCCITANIE","private for profit",265,40,15.1
"300782117","CHU NIMES CAREMEAU","OCCITANIE","public academic",973,130,13.4
"300788502","POLYCLINIQUE DU GRAND SUD","OCCITANIE","private for profit",818,150,18.3
"310026927","CLINIQUE CAPIO LA CROIX DU SUD","OCCITANIE","private for profit",258,27,10.5
"310780283","NOUVELLE CLINIQUE DE L'UNION","OCCITANIE","private for profit",497,97,19.5
"310780382","CLINIQUE AMBROISE PARE","OCCITANIE","private for profit",263,38,14.4
"310781000","CLINIQUE DES CEDRES","OCCITANIE","private for profit",2565,325,12.7
"310781505","CLINIQUE D'OCCITANIE","OCCITANIE","private for profit",700,85,12.1
"310783055","HÃ”PITAL DE RANGUEIL CHU TOULOUSE","OCCITANIE","public academic",536,45,8.4
"330000340","MSP BORDEAUX BAGATELLE","NOUVELLE-AQUITAINE","private not-for-profit",334,32,9.6
"330780115","CLINIQUE TIVOLI-DUCOS","NOUVELLE-AQUITAINE","private for profit",239,31,13
"330780263","POLYCLINIQUE BORDEAUX RIVE DROITE","NOUVELLE-AQUITAINE","private for profit",430,29,6.7
"330780479","POLYCLINIQUE BX-NORD AQUITAINE","NOUVELLE-AQUITAINE","private for profit",303,32,10.6
"330780511","CLINIQUE SAINTE ANNE","NOUVELLE-AQUITAINE","private for profit",156,1,0.6
"330780529","CLINIQUE MUTUALISTE DE PESSAC","NOUVELLE-AQUITAINE","private not-for-profit",1026,140,13.6
"330781402","NOUVELLE CLINIQUE BORDEAUX TONDU","NOUVELLE-AQUITAINE","private for profit",974,59,6.1
"330782582","POLYCLINIQUE JEAN VILLAR","NOUVELLE-AQUITAINE","private for profit",258,30,11.6
"330783648","HÃ”PITAL HAUT-LEVEQUE - CHU","NOUVELLE-AQUITAINE","public academic",361,111,30.7
"340000033","CH BEZIERS","OCCITANIE","public",308,25,8.1
"340009885","POLYCLINIQUE CHAMPEAU","OCCITANIE","private for profit",196,22,11.2
"340015502","CLINIQUE LE MILLENAIRE","OCCITANIE","private for profit",1129,134,11.9
"340015965","SAS POLYCLINIQUE SAINT PRIVAT","OCCITANIE","private for profit",702,80,11.4
"340024314","CLINIQUE ST JEAN SUD DE FRANCE","OCCITANIE","private for profit",208,30,14.4
"340780667","CLINIQUE DU PARC","OCCITANIE","private for profit",326,23,7.1
"340780675","CLINIQUE CLEMENTVILLE","OCCITANIE","private for profit",493,46,9.3
"340780741","POLYCLINIQUE SAINTE THERESE","OCCITANIE","private for profit",239,40,16.7
"340782036","HÃ”PITAL ST ELOI CHU MONTPELLIER","OCCITANIE","public academic",1128,307,27.2
"350000121","CH PRIVÃ‰ ST-GREGOIRE","BRETAGNE","private for profit",1507,128,8.5
"350000139","CLINIQUE MUTUALISTE LA SAGESSE RENNES","BRETAGNE","private not-for-profit",194,8,4.1
"350000147","GHRE - SITE SAINT MALO BROUSSAIS","BRETAGNE","public",212,15,7.1
"350000741","CHRU RENNES SITE PONTCHAILLOU","BRETAGNE","public academic",150,6,4
"360000129","CLINIQUE ST FRANCOIS","CENTRE-VAL DE LOIRE","private for profit",207,10,4.8
"370000093","SAS NOUVELLE CLINIQUE DE TOURS +","CENTRE-VAL DE LOIRE","private for profit",661,56,8.5
"370004467","CHRU TROUSSEAU - CHAMBRAY","CENTRE-VAL DE LOIRE","public academic",221,19,8.6
"370007569","PÃ”LE SANTÃ‰ LÃ‰ONARD DE VINCI","CENTRE-VAL DE LOIRE","private for profit",221,11,5
"380000067","HÃ”PITAL NORD - CHU38","AUVERGNE-RHÃ”NE-ALPES","public academic",483,62,12.8
"380000174","CH LUCIEN HUSSEL DE VIENNE","AUVERGNE-RHÃ”NE-ALPES","public",196,34,17.3
"380012658","GROUPEMENT HOSPITALIER MUTUALISTE DE GRENOBLE","AUVERGNE-RHÃ”NE-ALPES","private not-for-profit",299,29,9.7
"380780197","CLINIQUE SAINT VINCENT DE PAUL","AUVERGNE-RHÃ”NE-ALPES","private for profit",355,28,7.9
"380785956","CLINIQUE DES CEDRES","AUVERGNE-RHÃ”NE-ALPES","private for profit",1145,150,13.1
"400000105","CH DAX","NOUVELLE-AQUITAINE","public",442,63,14.3
"410000020","CH BLOIS SIMONE VEIL","CENTRE-VAL DE LOIRE","public",231,40,17.3
"420010050","CLINIQUE MUTUALISTE DE LA LOIRE","AUVERGNE-RHÃ”NE-ALPES","private not-for-profit",1135,126,11.1
"420011413","HÃ”PITAL PRIVÃ‰ DE LA LOIRE","AUVERGNE-RHÃ”NE-ALPES","private for profit",851,147,17.3
"420785354","HÃ”PITAL NORD - CHU42","AUVERGNE-RHÃ”NE-ALPES","public academic",301,49,16.3
"430000117","CH EMILE ROUX LE PUY","AUVERGNE-RHÃ”NE-ALPES","public",170,24,14.1
"440000271","CHU DE NANTES SITE HOTEL DIEU HME","PAYS DE LA LOIRE","public academic",653,122,18.7
"440000412","CLINIQUE BRETECHE VIAUD","PAYS DE LA LOIRE","private for profit",830,59,7.1
"440029338","CLINIQUE MUTUALISTE JULES VERNE","PAYS DE LA LOIRE","private not-for-profit",641,67,10.5
"440033819","SANTÃ‰ ATLANTIQUE","PAYS DE LA LOIRE","private for profit",651,43,6.6
"440050433","CLINIQUE MUTUALISTE DE L'ESTUAIRE","PAYS DE LA LOIRE","private not-for-profit",507,57,11.2
"450002613","CHRU ORLEANS - HÃ”PITAL DE LA SOURCE","CENTRE-VAL DE LOIRE","public academic",703,113,16.1
"450010079","ORELIANCE - LONGUES ALLEES","CENTRE-VAL DE LOIRE","private for profit",159,19,11.9
"460000045","CH FIGEAC SITE MARTIN MALVY","OCCITANIE","public",162,15,9.3
"470000027","CLINIQUE ESQUIROL - SAINT-HILAIRE","NOUVELLE-AQUITAINE","private for profit",279,26,9.3
"470000423","CH AGEN NERAC - HÃ”PITAL SAINT-ESPRIT","NOUVELLE-AQUITAINE","public",155,10,6.5
"470016049","GCS POLE DE SANTÃ‰ DU VILLENEUVOIS","NOUVELLE-AQUITAINE","private not-for-profit",435,32,7.4
"490000049","CHU ANGERS SITE LARREY","PAYS DE LA LOIRE","public academic",154,4,2.6
"490014909","CLINIQUE DE L'ANJOU","PAYS DE LA LOIRE","private for profit",1904,111,5.8
"500000146","HÃ”PITAL PRIVÃ‰ DE LA BAIE","NORMANDIE","private for profit",122,9,7.4
"500000187","CHPC - SITE CHERBOURG","NORMANDIE","public",183,10,5.5
"500000203","HÃ”PITAL PRIVÃ‰ CENTRE MANCHE SAINT LO","NORMANDIE","private for profit",161,19,11.8
"500000450","CH SAINT-LO","NORMANDIE","public",276,11,4
"500002357","POLYCLINIQUE DU COTENTIN","NORMANDIE","private for profit",224,13,5.8
"510002447","HÃ”PITAL ROBERT DEBRE CHU REIMS","GRAND EST","public academic",353,54,15.3
"510024979","POLYCLINIQUE DE BEZANNES","GRAND EST","private for profit",991,171,17.3
"540000478","NOUVELLE CLINIQUE LOUIS PASTEUR","GRAND EST","private for profit",299,27,9
"540000486","POLYCLINIQUE DE GENTILLY","GRAND EST","private for profit",352,25,7.1
"540001096","CH DE MT ST MARTIN","GRAND EST","private not-for-profit",274,23,8.4
"540002698","CHRU NANCY - HÃ”PITAUX DE BRABOIS","GRAND EST","public academic",1009,141,14
"540026895","HÃ”PITAL PRIVÃ‰ NANCY LORRAINE","GRAND EST","private for profit",447,22,4.9
"550000178","POLYCLINIQUE DU PARC - BAR-LE-DUC","GRAND EST","private for profit",119,27,22.7
"560000127","CHBA SITE DE VANNES","BRETAGNE","public",186,16,8.6
"560000135","GHBS- HÃ”PITAL DU SCORFF","BRETAGNE","public",224,26,11.6
"560000143","CHCB SITE KERIO","BRETAGNE","public",195,14,7.2
"560008799","CLINIQUE OCEANE","BRETAGNE","private for profit",659,50,7.6
"560029068","GCS CLINIQUE DU TER","BRETAGNE","private not-for-profit",149,20,13.4
"570000059","CH MARIE-MADELEINE DE FORBACH","GRAND EST","public",427,71,16.6
"570000083","CLINIQUE SAINT NABOR","GRAND EST","private for profit",545,33,6.1
"570000349","HÃ”PITAL BEL AIR DE THIONVILLE - CHR","GRAND EST","public academic",187,28,15
"570000356","CLINIQUE CHIRURGICALE AMBROISE PARE","GRAND EST","private for profit",69,4,5.8
"570000646","HÃ”PITAL CLINIQUE CLAUDE BERNARD","GRAND EST","private for profit",321,42,13.1
"570026252","HÃ”PITAL ROBERT SCHUMAN","GRAND EST","private not-for-profit",290,45,15.5
"570026682","HÃ”PITAL DE MERCY - CHR METZ THIONVILLE","GRAND EST","public academic",228,46,20.2
"590000337","CH DUNKERQUE","HAUTS-DE-FRANCE","public",170,31,18.2
"590000428","CH CAMBRAI","HAUTS-DE-FRANCE","public",221,41,18.6
"590000592","CH DENAIN","HAUTS-DE-FRANCE","public",369,45,12.2
"590000618","CH VALENCIENNES","HAUTS-DE-FRANCE","public",492,55,11.2
"590006896","POLYCLINIQUE DE LA THIERACHE","HAUTS-DE-FRANCE","private for profit",192,19,9.9
"590008041","POLYCLINIQUE VAUBAN","HAUTS-DE-FRANCE","private for profit",1679,223,13.3
"590052056","GCS GHICL CLINIQUE STE MARIE","HAUTS-DE-FRANCE","private not-for-profit",549,65,11.8
"590780268","POLYCLINIQUE DU BOIS","HAUTS-DE-FRANCE","private for profit",385,42,10.9
"590780284","GCS GHICL HÃ”PITAL ST PHILIBERT","HAUTS-DE-FRANCE","private not-for-profit",611,96,15.7
"590780383","POLYCLINIQUE DE LA LOUVIERE","HAUTS-DE-FRANCE","private for profit",1566,267,17
"590801106","HÃ”PITAL VICTOR PROVO","HAUTS-DE-FRANCE","public",168,8,4.8
"590811279","HÃ”PITAL CLAUDE HURIEZ CHU LILLE","HAUTS-DE-FRANCE","public academic",1109,314,28.3
"590813507","POLYCLINIQUE VAL DE SAMBRE","HAUTS-DE-FRANCE","private for profit",237,26,11
"590815056","CLINIQUE DE FLANDRE","HAUTS-DE-FRANCE","private for profit",818,110,13.4
"590816310","CLINIQUE ST AME","HAUTS-DE-FRANCE","private for profit",336,50,14.9
"590817458","CLINIQUE DE LA VICTOIRE","HAUTS-DE-FRANCE","private for profit",233,43,18.5
"600000467","CH GHPSO CREIL","HAUTS-DE-FRANCE","public",254,44,17.3
"600010862","SAS CENTRE CHIRURGICAL DE CHANTILLY","HAUTS-DE-FRANCE","private for profit",122,16,13.1
"600100754","POLYCLINIQUE SAINT-COME SA","HAUTS-DE-FRANCE","private for profit",1024,85,8.3
"600110175","CLINIQUE DU PARC SAINT LAZARE","HAUTS-DE-FRANCE","private for profit",478,37,7.7
"600113476","CH CHICN COMPIÃˆGNE","HAUTS-DE-FRANCE","public",471,86,18.3
"610000069","CH D'ARGENTAN","NORMANDIE","public",266,21,7.9
"610000119","CH JACQUES MONOD - FLERS","NORMANDIE","public",179,35,19.6
"620000224","CH BETHUNE","HAUTS-DE-FRANCE","public",173,1,0.6
"620000653","CH BOULOGNE-SUR-MER","HAUTS-DE-FRANCE","public",268,46,17.2
"620003202","CH ARRONDISSEMENT DE MONTREUIL","HAUTS-DE-FRANCE","public",211,33,15.6
"620003376","POLYCLINIQUE MÃ‰DICO-CHIRURGICALE D'HENIN-BEAUMONT","HAUTS-DE-FRANCE","private not-for-profit",443,61,13.8
"620006049","CLINIQUE DE ST OMER","HAUTS-DE-FRANCE","private for profit",219,40,18.3
"620100099","HÃ”PITAL PRIVÃ‰ ARRAS LES BONNETTES","HAUTS-DE-FRANCE","private for profit",271,60,22.1
"620100750","CLINIQUE AMBROISE PARE","HAUTS-DE-FRANCE","private for profit",961,158,16.4
"620101311","CLINIQUE DES 2 CAPS","HAUTS-DE-FRANCE","private for profit",159,28,17.6
"620101501","POLYCLINIQUE DE BOIS-BERNARD SA","HAUTS-DE-FRANCE","private for profit",371,30,8.1
"620118513","CENTRE MÃ‰DICO CHIRURGICAL ET OBSTÃ‰TRICAL COTE D'OPALE","HAUTS-DE-FRANCE","private for profit",262,46,17.6
"630780211","POLE SANTÃ‰ REPUBLIQUE - CLERMONT","AUVERGNE-RHÃ”NE-ALPES","private for profit",218,41,18.8
"630780369","CLINIQUE DE LA PLAINE - CLERMONT","AUVERGNE-RHÃ”NE-ALPES","private for profit",252,35,13.9
"630781268","HÃ”PITAL ESTAING - CHU63","AUVERGNE-RHÃ”NE-ALPES","public academic",252,39,15.5
"630781839","CLINIQUE CHATAIGNERAIE - BEAUMONT","AUVERGNE-RHÃ”NE-ALPES","private for profit",206,9,4.4
"640000162","CH COTE BASQUE","NOUVELLE-AQUITAINE","public",359,30,8.4
"640000600","CH DE PAU","NOUVELLE-AQUITAINE","public",152,26,17.1
"640018206","CLINIQUE BELHARRA","NOUVELLE-AQUITAINE","private for profit",417,46,11
"640780946","POLYCLINIQUE PAU PYRENEES SITE NAVARRE","NOUVELLE-AQUITAINE","private for profit",758,82,10.8
"660000084","CH PERPIGNAN","OCCITANIE","public",145,36,24.8
"660006305","LA CLINIQUE MUTUALISTE CATALANE","OCCITANIE","private for profit",283,16,5.7
"660780669","CLINIQUE NOTRE DAME D ESPERANCE","OCCITANIE","private for profit",585,75,12.8
"660780784","CLINIQUE SAINT PIERRE","OCCITANIE","private for profit",424,72,17
"670000025","HÃ”PITAL CIVIL / NOUVEL HÃ”PITAL CIVIL","GRAND EST","public academic",870,190,21.8
"670000165","CH SAINTE-CATHERINE DE SAVERNE","GRAND EST","public",244,22,9
"670018068","CLINIQUE RHENA GCS","GRAND EST","private for profit",1289,51,4
"670780170","CLINIQUE DE L'ORANGERIE STRASB.","GRAND EST","private for profit",724,52,7.2
"670780212","CLINIQUE SAINTE-ANNE - GHSV","GRAND EST","private not-for-profit",480,25,5.2
"670780378","CLINIQUE SAINT-FRANCOIS HAGUENAU","GRAND EST","private for profit",230,14,6.1
"670780386","CLINIQUE SAINTE ODILE HAGUENAU","GRAND EST","private for profit",108,10,9.3
"670783273","HÃ”PITAL DE HAUTEPIERRE","GRAND EST","public academic",112,11,9.8
"680000494","CLINIQUE DIACONAT ROOSEVELT","GRAND EST","private for profit",1390,98,7.1
"680000684","HÃ”PITAL LOUIS PASTEUR","GRAND EST","public",722,47,6.5
"680004546","HÃ”PITAL EMILE MULLER","GRAND EST","public",185,27,14.6
"690000575","CH NORD OUEST - VILLEFRANCHE","AUVERGNE-RHÃ”NE-ALPES","public",363,51,14
"690022959","HÃ”PITAL PRIVÃ‰ MERE ENFANT NATECIA","AUVERGNE-RHÃ”NE-ALPES","private for profit",223,35,15.7
"690023239","CLINIQUE DU PARC","AUVERGNE-RHÃ”NE-ALPES","private for profit",1684,393,23.3
"690023411","HÃ”PITAL PRIVÃ‰ JEAN MERMOZ","AUVERGNE-RHÃ”NE-ALPES","private for profit",417,90,21.6
"690041124","MEDIPOLE HÃ”PITAL PRIVÃ‰","AUVERGNE-RHÃ”NE-ALPES","private for profit",380,71,18.7
"690054713","CLINIQUE LES PORTES DU SUD","AUVERGNE-RHÃ”NE-ALPES","private for profit",81,11,13.6
"690780390","POLYCLINIQUE DE RILLIEUX","AUVERGNE-RHÃ”NE-ALPES","private for profit",549,86,15.7
"690780416","GROUPEMENT HOSPITALIER MUTUALISTE LES PORTES DU SUD","AUVERGNE-RHÃ”NE-ALPES","private not-for-profit",209,26,12.4
"690780648","CLINIQUE DE LA SAUVEGARDE","AUVERGNE-RHÃ”NE-ALPES","private for profit",3512,1004,28.6
"690780655","HÃ”PITAL PRIVÃ‰ DE L'EST LYONNAIS","AUVERGNE-RHÃ”NE-ALPES","private for profit",1267,209,16.5
"690783154","HÃ”PITAL EDOUARD HERRIOT - HCL","AUVERGNE-RHÃ”NE-ALPES","public academic",591,139,23.5
"690793468","INFIRMERIE PROTESTANTE DE LYON","AUVERGNE-RHÃ”NE-ALPES","private for profit",478,65,13.6
"690805361","CH ST JOSEPH ST LUC","AUVERGNE-RHÃ”NE-ALPES","private not-for-profit",177,26,14.7
"690807367","POLYCLINIQUE DU BEAUJOLAIS","AUVERGNE-RHÃ”NE-ALPES","private for profit",224,34,15.2
"710006859","POLYCLINIQUE DU VAL DE SAONE","BOURGOGNE-FRANCHE-COMTÃ‰","private for profit",233,58,24.9
"710010067","CH DU PAYS CHAROLAIS BRIONNAIS","BOURGOGNE-FRANCHE-COMTÃ‰","public",170,13,7.6
"710780917","HÃ”PITAL PRIVÃ‰ SAINTE MARIE","BOURGOGNE-FRANCHE-COMTÃ‰","private for profit",354,125,35.3
"710978263","CH WILLIAM MOREY CHALON SUR SAONE","BOURGOGNE-FRANCHE-COMTÃ‰","public",248,50,20.2
"710978289","CH LES CHANAUX MACON","BOURGOGNE-FRANCHE-COMTÃ‰","public",284,52,18.3
"720000199","CLINIQUE DU PRE","PAYS DE LA LOIRE","private for profit",350,2,0.6
"720017748","CENTRE MÃ‰DICO-CHIRURGICAL DU MANS","PAYS DE LA LOIRE","private for profit",201,15,7.5
"730000031","CHMS - SITE CHAMBERY MCO","AUVERGNE-RHÃ”NE-ALPES","public",290,50,17.2
"730004298","HÃ”PITAL PRIVÃ‰ MEDIPOLE DE SAVOIE","AUVERGNE-RHÃ”NE-ALPES","private for profit",163,13,8
"740014345","HÃ”PITAL PRIVÃ‰ PAYS DE SAVOIE","AUVERGNE-RHÃ”NE-ALPES","private for profit",416,56,13.5
"740780424","CLINIQUE GENERALE ANNECY","AUVERGNE-RHÃ”NE-ALPES","private for profit",428,32,7.5
"740781141","CH ALPES LEMAN","AUVERGNE-RHÃ”NE-ALPES","public",675,112,16.6
"750000523","GROUPEMENT HOSPITALIER PARIS SAINT-JOSEPH","ILE-DE-FRANCE","private not-for-profit",272,26,9.6
"750100125","GROUPEMENT HOSPITALIER PITIE-SALPETRIERE","ILE-DE-FRANCE","public academic",513,70,13.6
"750100232","GHU APHP NUP SITE BICHAT C BERNARD","ILE-DE-FRANCE","public academic",890,173,19.4
"750150104","INSTITUT MUTUALISTE MONTSOURIS","ILE-DE-FRANCE","private not-for-profit",537,64,11.9
"750150237","HÃ”PITAL DE LA CROIX SAINT SIMON","ILE-DE-FRANCE","private not-for-profit",380,68,17.9
"750300071","HÃ”PITAL PRIVÃ‰ GEOFFROY SAINT HILAIRE","ILE-DE-FRANCE","private for profit",1100,141,12.8
"750300154","CLINIQUE TURIN","ILE-DE-FRANCE","private for profit",840,68,8.1
"750300360","HÃ”PITAL PRIVÃ‰ DES PEUPLIERS","ILE-DE-FRANCE","private for profit",848,76,9
"750300766","CLINIQUE BIZET","ILE-DE-FRANCE","private for profit",515,50,9.7
"750300881","CLINIQUE DU TROCADERO","ILE-DE-FRANCE","private for profit",667,28,4.2
"750300915","CLINIQUE INTERNATIONALE PARC MONCEAU","ILE-DE-FRANCE","private for profit",554,58,10.5
"750301145","CLINIQUE DU MONT LOUIS","ILE-DE-FRANCE","private for profit",757,61,8.1
"750803447","GHU APHP CUP SITE G POMPIDOU HEGP","ILE-DE-FRANCE","public academic",514,147,28.6
"760000018","CH DIEPPE","NORMANDIE","public",218,50,22.9
"760000158","HÃ”PITAL CHARLES NICOLLE CHU ROUEN","NORMANDIE","public academic",561,71,12.7
"760000463","CH LES FEUGRAIS CHI ELBEUF","NORMANDIE","public",258,20,7.8
"760021329","HÃ”PITAL PRIVÃ‰ DE L'ESTUAIRE","NORMANDIE","private for profit",997,107,10.7
"760025312","HÃ”PITAUX PRIVÃ‰S ROUENNAIS MATHILDE","NORMANDIE","private for profit",494,41,8.3
"760027292","POLYCLINIQUE MEGIVAL","NORMANDIE","private for profit",250,31,12.4
"760780510","CLINIQUE DU CEDRE","NORMANDIE","private for profit",212,26,12.3
"760780619","CLINIQUE SAINT HILAIRE","NORMANDIE","private for profit",420,39,9.3
"760780825","CLINIQUE DE L'ABBAYE","NORMANDIE","private for profit",121,0,0
"760805770","HÃ”PITAL JACQUES MONOD CH LE HAVRE","NORMANDIE","public",180,14,7.8
"760921809","HÃ”PITAUX PRIVÃ‰S ROUENNAIS L'EUROPE","NORMANDIE","private for profit",875,125,14.3
"770000156","GHSIF SITE MELUN-SENART","ILE-DE-FRANCE","public",108,28,25.9
"770000164","CH SUD SEINE ET MARNE SITE MONTEREAU","ILE-DE-FRANCE","public",175,28,16
"770000446","CH DE MEAUX SITE SAINT FARON","ILE-DE-FRANCE","public",223,25,11.2
"770019032","GHEF MARNE LA VALLEE SITE JOSSIGNY","ILE-DE-FRANCE","public",319,36,11.3
"770300135","CLINIQUE MÃ‰DICO-CHIRURGICALE LES FONTAINES","ILE-DE-FRANCE","private for profit",217,21,9.7
"770300143","CLINIQUE SAINT JEAN L ERMITAGE","ILE-DE-FRANCE","private for profit",564,88,15.6
"780000287","CH FRANCOIS QUESNAY MANTES","ILE-DE-FRANCE","public",275,30,10.9
"780000311","CHIC POISSY ST GERMAIN SITE DE POISSY","ILE-DE-FRANCE","public",456,70,15.4
"780300208","CLINIQUE SAINT LOUIS","ILE-DE-FRANCE","private for profit",484,43,8.9
"780300323","HÃ”PITAL PRIVÃ‰ FRANCISCAINES","ILE-DE-FRANCE","private for profit",173,24,13.9
"780300414","CH PRIVÃ‰ DE L EUROPE","ILE-DE-FRANCE","private for profit",1409,198,14.1
"780300422","HÃ”PITAL PRIVÃ‰ DE L OUEST PARISIEN","ILE-DE-FRANCE","private for profit",220,12,5.5
"790009948","POLYCLINIQUE INKERMANN","NOUVELLE-AQUITAINE","private for profit",329,30,9.1
"800002503","SA SAINTE ISABELLE","HAUTS-DE-FRANCE","private for profit",200,24,12
"800006124","CHU AMIENS SUD","HAUTS-DE-FRANCE","public academic",559,66,11.8
"800009466","POLYCLINIQUE DE PICARDIE","HAUTS-DE-FRANCE","private for profit",137,8,5.8
"800009920","SA CLINIQUE VICTOR PAUCHET","HAUTS-DE-FRANCE","private for profit",455,24,5.3
"810101170","CLINIQUE TOULOUSE LAUTREC","OCCITANIE","private for profit",484,57,11.8
"810101444","CLINIQUE DU SIDOBRE","OCCITANIE","private for profit",390,41,10.5
"820000040","CLINIQUE CROIX SAINT MICHEL","OCCITANIE","private for profit",193,16,8.3
"830000311","CHIC DE FREJUS SAINT RAPHAEL","PROVENCE-ALPES-CÃ”TE D'AZUR","public",213,6,2.8
"830000345","CHITS CH SAINTE MUSSE","PROVENCE-ALPES-CÃ”TE D'AZUR","public",419,77,18.4
"830100251","CLINIQUE DU CAP D'OR","PROVENCE-ALPES-CÃ”TE D'AZUR","private for profit",451,32,7.1
"830100434","CLINIQUE SAINT JEAN","PROVENCE-ALPES-CÃ”TE D'AZUR","private for profit",476,38,8
"830100459","CLINIQUE SAINT MICHEL","PROVENCE-ALPES-CÃ”TE D'AZUR","private for profit",1352,183,13.5
"840000400","SYNERGIA LUBERON","PROVENCE-ALPES-CÃ”TE D'AZUR","private for profit",748,83,11.1
"840000418","CHIC DE CAVAILLON LAURIS","PROVENCE-ALPES-CÃ”TE D'AZUR","public",170,25,14.7
"840000467","CAPIO CLINIQUE D'ORANGE","PROVENCE-ALPES-CÃ”TE D'AZUR","private for profit",361,37,10.2
"850000118","CLINIQUE SAINT CHARLES","PAYS DE LA LOIRE","private for profit",149,19,12.8
"850000142","CHD SITE LA ROCHE SUR YON","PAYS DE LA LOIRE","public",285,37,13
"860000223","CHU LA MILETRIE","NOUVELLE-AQUITAINE","public academic",895,203,22.7
"860010321","POLYCLINIQUE DE POITIERS","NOUVELLE-AQUITAINE","private for profit",133,17,12.8
"870000064","CHU DUPUYTREN LIMOGES","NOUVELLE-AQUITAINE","public academic",217,29,13.4
"870000288","CLINIQUE FRANÃ‡OIS CHENIEUX","NOUVELLE-AQUITAINE","private for profit",1034,87,8.4
"890000169","CLINIQUE PAUL PICQUET SENS","BOURGOGNE-FRANCHE-COMTÃ‰","private for profit",817,94,11.5
"890975550","CH SENS","BOURGOGNE-FRANCHE-COMTÃ‰","public",726,101,13.9
"900000035","HÃ”PITAL PRIVÃ‰ DE LA MIOTTE","BOURGOGNE-FRANCHE-COMTÃ‰","private for profit",117,8,6.8
"900003039","HNFC SITE TREVENANS","BOURGOGNE-FRANCHE-COMTÃ‰","public",545,50,9.2
"910000306","CH D ORSAY","ILE-DE-FRANCE","public",116,15,12.9
"910020254","CH SUD FRANCILIEN SITE JEAN JAURES","ILE-DE-FRANCE","public",227,18,7.9
"910300011","HÃ”PITAL DE PARIS ESSONNE LES CHARMILLES","ILE-DE-FRANCE","private for profit",165,9,5.5
"910300144","CLINIQUE DU MOUSSEAU","ILE-DE-FRANCE","private for profit",710,129,18.2
"910300177","CLINIQUE DE L'YVETTE","ILE-DE-FRANCE","private for profit",910,163,17.9
"910300300","HÃ”PITAL PRIVÃ‰ DU VAL D'YERRES","ILE-DE-FRANCE","private for profit",205,24,11.7
"910803543","HÃ”PITAL PRIVÃ‰ CLAUDE GALIEN","ILE-DE-FRANCE","private for profit",743,66,8.9
"920000643","HÃ”PITAL FRANCO BRITANNIQUE - FCJ","ILE-DE-FRANCE","private not-for-profit",201,20,10
"920000650","HÃ”PITAL FOCH","ILE-DE-FRANCE","private not-for-profit",178,28,15.7
"920029550","CENTRE MÃ‰DICO-CHIRURGICAL AMBROISE PARE HARTMANN SITE 48 TER","ILE-DE-FRANCE","private for profit",488,46,9.4
"920100013","HÃ”PITAL AMBROISE PARE","ILE-DE-FRANCE","public academic",371,60,16.2
"920100021","GHU APHP UPS SITE ANTOINE BECLERE","ILE-DE-FRANCE","public academic",1506,210,13.9
"920100047","HÃ”PITAL LOUIS MOURIER","ILE-DE-FRANCE","public academic",267,46,17.2
"920300753","CENTRE CHIRURGICAL AMBROISE PARE","ILE-DE-FRANCE","private for profit",206,21,10.2
"930000286","GHI LE RAINCY MONTFERMEIL","ILE-DE-FRANCE","public",255,31,12.2
"930000328","CH GENERAL DELAFONTAINE","ILE-DE-FRANCE","public",503,67,13.3
"930100037","HÃ”PITAL AVICENNE","ILE-DE-FRANCE","public academic",551,97,17.6
"930300025","HÃ”PITAL EUROPEEN DE PARIS","ILE-DE-FRANCE","private for profit",575,37,6.4
"930300082","CENTRE MÃ‰DICO-CHIRURGICAL FLOREAL","ILE-DE-FRANCE","private for profit",236,25,10.6
"930300116","HÃ”PITAL PRIVÃ‰ DE SEINE ST DENIS","ILE-DE-FRANCE","private for profit",393,55,14
"930300298","POLYCLINIQUE VAUBAN","ILE-DE-FRANCE","private for profit",204,31,15.2
"930300553","CLINIQUE DE L'ESTREE","ILE-DE-FRANCE","private for profit",476,58,12.2
"930300587","CLINIQUE DU LANDY","ILE-DE-FRANCE","private for profit",177,18,10.2
"930300595","HÃ”PITAL PRIVÃ‰ DU VERT GALANT","ILE-DE-FRANCE","private for profit",489,49,10
"940000573","CHIC DE CRETEIL","ILE-DE-FRANCE","public",845,134,15.9
"940006679","HÃ”PITAL PRIVÃ‰ DE MARNE-LA-VALLÃ‰E","ILE-DE-FRANCE","private for profit",657,80,12.2
"940300494","CLINIQUE VILLENEUVE SAINT GEORGES","ILE-DE-FRANCE","private for profit",341,37,10.9
"940813033","CLINIQUE DE BERCY","ILE-DE-FRANCE","private for profit",829,86,10.4
"950000307","CH VICTOR DUPOUY","ILE-DE-FRANCE","public",188,22,11.7
"950000323","GHEM HÃ”PITAL SIMONE VEIL EAUBONNE","ILE-DE-FRANCE","public",239,40,16.7
"950000331","CH GENERAL DE GONESSE","ILE-DE-FRANCE","public",290,30,10.3
"950000364","HÃ”PITAL NOVO SITE PONTOISE","ILE-DE-FRANCE","public",480,61,12.7
"950300202","CLINIQUE CONTI","ILE-DE-FRANCE","private for profit",336,42,12.5
"950300244","CH PRIVÃ‰ SAINTE MARIE OSNY","ILE-DE-FRANCE","private for profit",802,99,12.3
"950300277","HÃ”PITAL PRIVÃ‰ NORD PARISIEN","ILE-DE-FRANCE","private for profit",256,44,17.2
"950807982","CLINIQUE CLAUDE BERNARD","ILE-DE-FRANCE","private for profit",779,89,11.4
"970100392","CH DE LA BASSE -TERRE","GUADELOUPE","public",135,15,11.1
"970107249","CLINIQUE LES EAUX CLAIRES","GUADELOUPE","private for profit",794,27,3.4
"970202313","CLINIQUE SAINT PAUL","MARTINIQUE","private for profit",376,70,18.6
"970400024","CHU SITE FELIX GUYON (SAINT DENIS)","LA RÃ‰UNION","public academic",408,59,14.5
"970400057","CHU SITE SUD (SAINT PIERRE)","LA RÃ‰UNION","public academic",45,3,6.7
"970400065","CH OUEST REUNION","LA RÃ‰UNION","public",196,35,17.9
"970462081","CLINIQUE LES ORCHIDEES","LA RÃ‰UNION","private for profit",676,71,10.5
"970462107","CLINIQUE SAINTE CLOTILDE","LA RÃ‰UNION","private for profit",600,33,5.5
